end_time,count
2025-06-20 09:30,1
2025-06-20 11:30,1
2025-06-20 13:30,1
2025-06-20 15:15,1
2025-06-20 17:00,1
2025-06-21 08:30,1
2025-06-21 10:00,1
2025-06-21 11:30,1
2025-06-21 13:00,1
2025-06-21 15:00,1
2025-06-22 07:00,1
2025-06-22 08:30,1
2025-06-22 10:00,1
2025-06-22 11:30,1
2025-06-22 13:00,1
2025-06-22 14:30,1
2025-06-22 16:00,1
2025-06-22 17:30,1
2025-06-23 07:00,1
2025-06-23 08:30,1
2025-06-23 10:00,1
2025-06-23 11:30,1
2025-06-23 13:00,1
2025-06-23 14:30,1
2025-06-23 16:00,1
2025-06-23 17:30,1
2025-06-24 07:30,1
2025-06-24 09:00,1
2025-06-24 10:30,1
2025-06-24 12:00,1
