start_time,count
2025-06-20 08:00,1
2025-06-20 10:00,1
2025-06-20 12:00,1
2025-06-20 14:00,1
2025-06-20 16:00,1
2025-06-21 07:00,1
2025-06-21 09:00,1
2025-06-21 10:30,1
2025-06-21 12:00,1
2025-06-21 14:00,1
2025-06-22 06:00,1
2025-06-22 07:30,1
2025-06-22 09:00,1
2025-06-22 10:30,1
2025-06-22 12:00,1
2025-06-22 13:30,1
2025-06-22 15:00,1
2025-06-22 16:30,1
2025-06-23 06:00,1
2025-06-23 07:30,1
2025-06-23 09:00,1
2025-06-23 10:30,1
2025-06-23 12:00,1
2025-06-23 13:30,1
2025-06-23 15:00,1
2025-06-23 16:30,1
2025-06-24 06:00,1
2025-06-24 08:00,1
2025-06-24 09:30,1
2025-06-24 11:00,1
